Date,Name,Year,Letterboxd URI,Rating
2023-08-16,21,2008,https://boxd.it/20BO,3
2023-08-16,21 Jump Street,2012,https://boxd.it/J0,5
2023-08-16,2 Guns,2013,https://boxd.it/4oAk,3.5
2023-08-16,The 40 Year Old Virgin,2005,https://boxd.it/21hK,5
2023-08-16,Ace Ventura: Pet Detective,1994,https://boxd.it/25RW,4
2023-08-16,Ace Ventura: When Nature Calls,1995,https://boxd.it/1Z66,4
2023-08-16,Austin Powers in Goldmember,2002,https://boxd.it/29xG,4.5
2023-08-16,Austin Powers: International Man of Mystery,1997,https://boxd.it/29y0,4.5
2023-08-16,Austin Powers: The Spy Who Shagged Me,1999,https://boxd.it/29xQ,4.5
2023-08-16,Avatar,2009,https://boxd.it/1Efm,4
2023-08-16,Baby Driver,2017,https://boxd.it/bhF2,4
2023-08-16,Bad Words,2013,https://boxd.it/6g1A,4.5
2023-08-16,Big Daddy,1999,https://boxd.it/1ZkW,3.5
2023-08-16,50 First Dates,2004,https://boxd.it/285c,3
2023-08-16,Along Came Polly,2004,https://boxd.it/22fU,3
2023-08-16,The Benchwarmers,2006,https://boxd.it/1Xr2,3
2023-08-16,Billy Madison,1995,https://boxd.it/1UQI,4.5
2023-08-16,Blended,2014,https://boxd.it/6QQY,2
2023-08-16,The Blind Side,2009,https://boxd.it/1zWg,3
2023-08-16,Borat: Cultural Learnings of America for Make Benefit Glorious Nation of Kazakhstan,2006,https://boxd.it/2agQ,5
2023-08-16,The Break-Up,2006,https://boxd.it/1XRk,3.5
2023-08-16,Bridge to Terabithia,2007,https://boxd.it/28YG,4.5
2023-08-16,Bringing Down the House,2003,https://boxd.it/1VES,3.5
2023-08-16,Bruce Almighty,2003,https://boxd.it/2aCC,4
2023-08-16,Brüno,2009,https://boxd.it/1GSA,5
2023-08-16,The Cable Guy,1996,https://boxd.it/1XAI,3.5
2023-08-16,Catch Me If You Can,2002,https://boxd.it/29VS,4
2023-08-16,The Change-Up,2011,https://boxd.it/FRu,4
2023-08-16,Christmas with the Kranks,2004,https://boxd.it/1PEW,4
2023-08-16,Click,2006,https://boxd.it/1YVM,3
2023-08-16,Cloudy with a Chance of Meatballs 2,2013,https://boxd.it/3GMw,3
2023-08-16,Coach Carter,2005,https://boxd.it/218e,4
2023-08-16,Couples Retreat,2009,https://boxd.it/1EnU,3.5
2023-08-16,The Dark Knight,2008,https://boxd.it/2b0k,4
2023-08-16,The Dark Knight Rises,2012,https://boxd.it/H3m,4
2023-08-16,Deck the Halls,2006,https://boxd.it/1Xpg,4
2023-08-16,The Dictator,2012,https://boxd.it/2DEW,5
2023-08-16,Django Unchained,2012,https://boxd.it/2cCk,5
2023-08-16,DodgeBall: A True Underdog Story,2004,https://boxd.it/1YAY,4.5
2023-08-16,The Dukes of Hazzard,2005,https://boxd.it/21A8,3
2023-08-16,Dumb and Dumber,1994,https://boxd.it/206m,4.5
2023-08-16,Dumb and Dumber To,2014,https://boxd.it/3qPk,4
2023-08-16,Easy A,2010,https://boxd.it/17DK,3.5
2023-08-16,The Emperor's New Groove,2000,https://boxd.it/1Tey,4.5
2023-08-16,Employee of the Month,2006,https://boxd.it/1XNi,3.5
2023-08-16,The Equalizer,2014,https://boxd.it/4TUK,4
2023-08-16,The Equalizer 2,2018,https://boxd.it/bAEW,4
2023-08-16,Fantastic Four,2005,https://boxd.it/1XVw,3.5
2023-08-16,Father of the Bride,1991,https://boxd.it/1SWY,3.5
2023-08-16,Father of the Bride Part II,1995,https://boxd.it/1SUo,3.5
2023-08-16,Four Christmases,2008,https://boxd.it/1SjM,4
2023-08-16,Get Smart,2008,https://boxd.it/1Tig,3
2023-08-16,Ghost Rider,2007,https://boxd.it/290M,3
2023-08-16,G.I. Joe: The Rise of Cobra,2009,https://boxd.it/1Ndu,3
2023-08-16,Good Luck Chuck,2007,https://boxd.it/1Xg4,3
2023-08-16,Grandma's Boy,2006,https://boxd.it/1XzK,4.5
2023-08-16,The Green Hornet,2011,https://boxd.it/10TQ,4.5
2023-08-16,Hall Pass,2011,https://boxd.it/H8G,4
2023-08-16,Hancock,2008,https://boxd.it/1Zv6,3.5
2023-08-16,The Hangover Part III,2013,https://boxd.it/3GNY,4
2023-08-16,Happy Gilmore,1996,https://boxd.it/1Yey,4
2023-08-16,The Heat,2013,https://boxd.it/4p9a,4.5
2023-08-16,Hellboy,2004,https://boxd.it/28HK,3.5
2023-08-16,The Help,2011,https://boxd.it/EDm,4
2023-08-16,Horton Hears a Who!,2008,https://boxd.it/1SfA,3
2023-08-16,The Hunger Games,2012,https://boxd.it/2uds,4
2023-08-16,The Hunger Games: Catching Fire,2013,https://boxd.it/3sAw,4
2023-08-16,The Hunger Games: Mockingjay – Part 1,2014,https://boxd.it/4hka,3.5
2023-08-16,The Hunger Games: Mockingjay – Part 2,2015,https://boxd.it/4hk0,3.5
2023-08-16,The Hurt Locker,2008,https://boxd.it/1Soi,3.5
2023-08-16,Inception,2010,https://boxd.it/1skk,5
2023-08-16,The Incredibles,2004,https://boxd.it/1XLm,4
2023-08-16,Inside Man,2006,https://boxd.it/2auS,4
2023-08-16,The Intern,2015,https://boxd.it/7AOE,2.5
2023-08-16,The Interview,2014,https://boxd.it/6KQ4,3.5
2023-08-16,Jack and Jill,2011,https://boxd.it/2pQu,1
2023-08-16,Jackass 3D,2010,https://boxd.it/1KpM,4.5
2023-08-16,Jackass Number Two,2006,https://boxd.it/1SyM,4.5
2023-08-16,Jackass: The Movie,2002,https://boxd.it/1Zo0,4.5
2023-08-16,The Jerk,1979,https://boxd.it/21EO,4.5
2023-08-16,Joe Dirt,2001,https://boxd.it/1UZ6,5
2023-08-16,John Wick,2014,https://boxd.it/7dEc,4.5
2023-08-16,John Wick: Chapter 2,2017,https://boxd.it/ayGu,4.5
2023-08-16,Journey 2: The Mysterious Island,2012,https://boxd.it/2o8m,3
2023-08-16,Just Go with It,2011,https://boxd.it/Doq,3
2023-08-16,Kicking & Screaming,2005,https://boxd.it/1XnE,3.5
2023-08-16,Knowing,2009,https://boxd.it/1Pmy,2.5
2023-08-16,Kronk's New Groove,2005,https://boxd.it/1Qd8,4
2023-08-16,Land of the Lost,2009,https://boxd.it/1Htc,3
2023-08-16,Limitless,2011,https://boxd.it/Aly,4
2023-08-16,Little Fockers,2010,https://boxd.it/13Ea,3.5
2023-08-16,Lone Survivor,2013,https://boxd.it/5Qj4,3.5
2023-08-16,The Longest Yard,2005,https://boxd.it/1Z3c,4
2023-08-16,The Lorax,2012,https://boxd.it/2w9M,3.5
2023-08-16,The Lost City,2022,https://boxd.it/sg0Q,3
2023-08-16,The Love Guru,2008,https://boxd.it/1Sm2,3
2023-08-16,Lucy,2014,https://boxd.it/75hu,4.5
2023-08-16,Man of the House,2005,https://boxd.it/1Q2O,3
2023-08-16,Marley & Me,2008,https://boxd.it/1Ola,4
2023-08-16,The Matrix Revolutions,2003,https://boxd.it/2a12,3.5
2023-08-16,Meet the Fockers,2004,https://boxd.it/29NE,3.5
2023-08-16,Meet the Parents,2000,https://boxd.it/28vE,3.5
2023-08-16,Meet the Robinsons,2007,https://boxd.it/28Ym,3.5
2023-08-16,Megamind,2010,https://boxd.it/16Sk,4
2023-08-16,"Me, Myself & Irene",2000,https://boxd.it/27nY,4
2023-08-16,Minority Report,2002,https://boxd.it/2aWi,3
2023-08-16,Miss Congeniality 2: Armed and Fabulous,2005,https://boxd.it/1XeC,4
2023-08-16,Miss Congeniality,2000,https://boxd.it/28GM,4
2023-08-16,Moneyball,2011,https://boxd.it/glS,3.5
2023-08-16,Monsters vs Aliens,2009,https://boxd.it/1M50,3.5
2023-08-16,Mr. Deeds,2002,https://boxd.it/27BQ,3.5
2023-08-16,National Lampoon's Van Wilder,2002,https://boxd.it/1TOQ,3
2023-08-16,National Treasure,2004,https://boxd.it/27x0,4
2023-08-16,National Treasure: Book of Secrets,2007,https://boxd.it/21rq,4
2023-08-16,Night at the Museum,2006,https://boxd.it/28wi,4
2023-08-16,Night at the Museum: Battle of the Smithsonian,2009,https://boxd.it/1H7U,4
2023-08-16,Night at the Museum: Secret of the Tomb,2014,https://boxd.it/5x3m,4
2023-08-16,Now You See Me,2013,https://boxd.it/2Bsu,4.5
2023-08-16,Old School,2003,https://boxd.it/1TmM,4.5
2023-08-16,The Other Guys,2010,https://boxd.it/1rtq,5
2023-08-16,Pain & Gain,2013,https://boxd.it/4lp4,4
2023-08-16,Paul,2011,https://boxd.it/13uE,3.5
2023-08-16,Pitch Perfect,2012,https://boxd.it/3OsE,4
2023-08-16,The Polar Express,2004,https://boxd.it/23am,4
2023-08-16,The Princess Bride,1987,https://boxd.it/26EY,4
2023-08-16,The Proposal,2009,https://boxd.it/1HiS,4.5
2023-08-16,RED,2010,https://boxd.it/13uu,4
2023-08-16,RED 2,2013,https://boxd.it/4E4E,4
2023-08-16,Remember the Titans,2000,https://boxd.it/1VLk,4
2023-08-16,The Ringer,2005,https://boxd.it/1Xvo,4.5
2023-08-16,Robots,2005,https://boxd.it/1Xve,4.5
2023-08-16,Role Models,2008,https://boxd.it/1MmK,4.5
2023-08-16,The Sandlot 2,2005,https://boxd.it/1GQu,3
2023-08-16,Scooby-Doo,2002,https://boxd.it/1YaQ,3.5
2023-08-16,Scooby-Doo 2: Monsters Unleashed,2004,https://boxd.it/1UPA,3.5
2023-08-16,Semi-Pro,2008,https://boxd.it/1Qw0,4
2023-08-16,Shrek 2,2004,https://boxd.it/29z8,4.5
2023-08-16,Shrek the Third,2007,https://boxd.it/29yY,4.5
2023-08-16,The Sitter,2011,https://boxd.it/mIo,4.5
2023-08-16,Snake Eyes: G.I. Joe Origins,2021,https://boxd.it/kRf8,1.5
2023-08-16,Spider-Man,2002,https://boxd.it/2a8i,3.5
2023-08-16,Spider-Man 2,2004,https://boxd.it/2a88,3.5
2023-08-16,Spider-Man 3,2007,https://boxd.it/2a7Y,3.5
2023-08-16,A Star Is Born,2018,https://boxd.it/aXgc,3.5
2023-08-16,Starsky & Hutch,2004,https://boxd.it/1YOQ,3
2023-08-16,Step Brothers,2008,https://boxd.it/1SsE,5
2023-08-16,Superbad,2007,https://boxd.it/20hO,5
2023-08-16,Talladega Nights: The Ballad of Ricky Bobby,2006,https://boxd.it/1XYq,5
2023-08-16,Ted,2012,https://boxd.it/2pgc,5
2023-08-16,Ted 2,2015,https://boxd.it/6oCY,5
2023-08-16,The Terminal,2004,https://boxd.it/2a2O,3
2023-08-16,Tower Heist,2011,https://boxd.it/iQI,4
2023-08-16,Tropic Thunder,2008,https://boxd.it/20WM,5
2023-08-16,The Truman Show,1998,https://boxd.it/18U8,4
2023-08-16,Walk Hard: The Dewey Cox Story,2007,https://boxd.it/21wK,5
2023-08-16,The Waterboy,1998,https://boxd.it/1VHi,4
2023-08-16,Wedding Crashers,2005,https://boxd.it/1Yte,4.5
2023-08-16,The Wedding Singer,1998,https://boxd.it/1USO,3.5
2023-08-16,We're the Millers,2013,https://boxd.it/4srQ,4.5
2023-08-16,White House Down,2013,https://boxd.it/3TOg,3.5
2023-08-16,Why Him?,2016,https://boxd.it/c3Wq,3.5
2023-08-16,Wild Hogs,2007,https://boxd.it/1Uok,3
2023-08-16,The Wolf of Wall Street,2013,https://boxd.it/3C1m,4.5
2023-08-16,"You, Me and Dupree",2006,https://boxd.it/285m,3.5
2023-08-16,Bad Boys,1995,https://boxd.it/1XVG,2.5
2023-08-16,Bad Boys II,2003,https://boxd.it/1ZuW,2.5
2023-08-16,Beerfest,2006,https://boxd.it/1XmG,4.5
2023-08-19,Knives Out,2019,https://boxd.it/jWEA,3.5
2023-08-25,The A-Team,2010,https://boxd.it/1dHS,4
2023-08-26,Non-Stop,2014,https://boxd.it/6FtO,3.5
2023-08-27,Waiting...,2005,https://boxd.it/20Pw,4
2023-08-27,Percy Jackson & the Olympians: The Lightning Thief,2010,https://boxd.it/1gJi,3.5
2023-08-27,Madagascar,2005,https://boxd.it/29dc,4
2023-08-27,Les Misérables,2012,https://boxd.it/2TT4,3
2023-08-27,Anger Management,2003,https://boxd.it/1YvO,3.5
2023-08-27,The Goonies,1985,https://boxd.it/1YVC,3.5
2023-08-28,The Blues Brothers,1980,https://boxd.it/2adi,5
2023-08-28,Secondhand Lions,2003,https://boxd.it/1QHC,3.5
2023-08-28,Goon: Last of the Enforcers,2017,https://boxd.it/bapw,3.5
2023-08-28,Gladiator,2000,https://boxd.it/2b9m,4
2023-08-28,30 Minutes or Less,2011,https://boxd.it/bRa,3.5
2023-08-28,Our Idiot Brother,2011,https://boxd.it/hac,2.5
2023-09-06,Pineapple Express,2008,https://boxd.it/1WRS,4.5
2023-09-06,Star Trek Beyond,2016,https://boxd.it/5Ik4,4
2023-09-06,Star Trek Into Darkness,2013,https://boxd.it/uYE,4
2023-09-06,Star Trek,2009,https://boxd.it/1Q6c,4
2023-09-07,Hot Tub Time Machine,2010,https://boxd.it/1zIS,4
2023-09-17,The Secret Life of Walter Mitty,2013,https://boxd.it/3SWy,4
2023-09-17,Schindler's List,1993,https://boxd.it/2aq2,4
2023-09-17,Saving Private Ryan,1998,https://boxd.it/29ro,4
2023-09-17,R.I.P.D.,2013,https://boxd.it/FQQ,3
2023-09-17,Rat Race,2001,https://boxd.it/1XAo,4.5
2023-09-17,Neighbors,2014,https://boxd.it/5Txe,4.5
2023-09-17,Men in Black II,2002,https://boxd.it/2a0y,3.5
2023-09-17,Men in Black,1997,https://boxd.it/2a0I,3.5
2023-09-17,Matchstick Men,2003,https://boxd.it/215a,4
2023-09-17,Joker,2019,https://boxd.it/h4cS,4
2023-09-17,Iron Man 3,2013,https://boxd.it/2cBQ,3.5
2023-09-17,Iron Man 2,2010,https://boxd.it/1WZM,3.5
2023-09-17,Iron Man,2008,https://boxd.it/28dA,4
2023-09-17,Inferno,2016,https://boxd.it/6dMS,3
2023-09-17,Home Alone,1990,https://boxd.it/29Fg,4
2023-09-17,Edge of Tomorrow,2014,https://boxd.it/4pD0,4
2023-09-17,The Da Vinci Code,2006,https://boxd.it/2a3i,4
2023-09-17,Cowboys & Aliens,2011,https://boxd.it/F2G,3.5
2023-09-17,Charlie and the Chocolate Factory,2005,https://boxd.it/2b68,3.5
2023-09-17,Cast Away,2000,https://boxd.it/20i8,4
2023-09-17,22 Jump Street,2014,https://boxd.it/5Fvy,5
2023-09-18,¡Three Amigos!,1986,https://boxd.it/20f4,3.5
2023-09-24,Face/Off,1997,https://boxd.it/29I0,4.5
2023-09-24,Next,2007,https://boxd.it/28bY,3
2023-09-24,You Don't Mess with the Zohan,2008,https://boxd.it/1VHs,3
2023-09-24,White Chicks,2004,https://boxd.it/1SpK,4.5
2023-09-24,Olympus Has Fallen,2013,https://boxd.it/3TMY,4
2023-09-24,Jack Reacher,2012,https://boxd.it/2BUo,4
2023-09-24,In Time,2011,https://boxd.it/FPS,3.5
2023-09-24,Caddyshack,1980,https://boxd.it/1SCO,4
2023-09-24,2012,2009,https://boxd.it/1OE2,3.5
2023-09-28,The Book of Eli,2010,https://boxd.it/1Dnu,4
2023-10-06,Juno,2007,https://boxd.it/210a,4
2023-10-06,Knocked Up,2007,https://boxd.it/23yS,4
2023-10-08,Zoolander,2001,https://boxd.it/1YMA,4
2023-10-08,Keeping Up with the Joneses,2016,https://boxd.it/aS5y,4
2023-10-08,Uncle Buck,1989,https://boxd.it/26yG,4
2023-10-09,The Ugly Truth,2009,https://boxd.it/1CFi,3.5
2023-10-09,Sweet Home Alabama,2002,https://boxd.it/1TDo,3.5
2023-10-09,Napoleon Dynamite,2004,https://boxd.it/20wu,4.5
2023-10-09,Mr. & Mrs. Smith,2005,https://boxd.it/29CG,3.5
2023-10-09,London Has Fallen,2016,https://boxd.it/814o,4
2023-10-09,Just Friends,2005,https://boxd.it/1XfA,3.5
2023-10-09,Failure to Launch,2006,https://boxd.it/21lW,3.5
2023-10-09,Captain Phillips,2013,https://boxd.it/3GPK,3.5
2023-10-09,American Assassin,2017,https://boxd.it/eFLE,3.5
2023-10-09,Radio,2003,https://boxd.it/1P8m,3
2023-10-14,Zathura: A Space Adventure,2005,https://boxd.it/21mq,4
2023-10-14,Spider-Man: Homecoming,2017,https://boxd.it/aboM,4
2023-10-14,Kingsman: The Golden Circle,2017,https://boxd.it/buJm,4
2023-10-14,Hardball,2001,https://boxd.it/1COO,3.5
2023-10-14,Coraline,2009,https://boxd.it/1NhQ,4
2023-10-15,Blazing Saddles,1974,https://boxd.it/1UHQ,4.5
2023-10-15,Not Another Teen Movie,2001,https://boxd.it/1TWq,3.5
2023-10-15,Bad Teacher,2011,https://boxd.it/yXA,3.5
2023-10-15,Due Date,2010,https://boxd.it/YFs,4.5
2023-10-17,Forgetting Sarah Marshall,2008,https://boxd.it/1XEq,3.5
2023-10-17,Spider-Man: Far From Home,2019,https://boxd.it/fegG,4
2023-10-17,"Crazy, Stupid, Love.",2011,https://boxd.it/D9A,4
2023-10-17,Madagascar: Escape 2 Africa,2008,https://boxd.it/1W2K,3.5
2023-10-18,Spider-Man: No Way Home,2021,https://boxd.it/nwRw,4
2023-10-18,Deuce Bigalow: European Gigolo,2005,https://boxd.it/1TOG,2.5
2023-10-21,X2,2003,https://boxd.it/1a7i,4
2023-10-21,X-Men,2000,https://boxd.it/1a7s,4
2023-10-21,X-Men: The Last Stand,2006,https://boxd.it/1a5Q,4
2023-10-21,"Definitely, Maybe",2008,https://boxd.it/20eU,4
2023-10-21,Get Him to the Greek,2010,https://boxd.it/1gyk,3.5
2023-10-21,Animal House,1978,https://boxd.it/2062,3.5
2023-10-21,The Sandlot,1993,https://boxd.it/1TDy,3.5
2023-10-21,Envy,2004,https://boxd.it/1VAc,0.5
2023-10-22,Rango,2011,https://boxd.it/QPk,3.5
2023-10-22,Point Break,2015,https://boxd.it/7Ax4,3.5
2023-10-22,Prince of Persia: The Sands of Time,2010,https://boxd.it/1YpQ,3.5
2023-10-22,Bridesmaids,2011,https://boxd.it/rac,3.5
2023-10-23,The Devil Wears Prada,2006,https://boxd.it/2awE,3
2023-10-29,Zoom,2006,https://boxd.it/1OKa,3
2023-10-29,Silver Linings Playbook,2012,https://boxd.it/2TTo,3.5
2023-10-29,Kingsman: The Secret Service,2014,https://boxd.it/6dxe,4
2023-10-29,The Great Escape,1963,https://boxd.it/22kA,4
2023-10-29,Dinner for Schmucks,2010,https://boxd.it/15dA,4.5
2023-10-29,Barnyard,2006,https://boxd.it/1XyC,4
2023-10-29,The Accountant,2016,https://boxd.it/9EhI,4
2023-10-30,They Came Together,2014,https://boxd.it/5uyQ,5
2023-11-12,"Yours, Mine & Ours",2005,https://boxd.it/1Q2E,3.5
2023-11-12,Return of the Jedi,1983,https://boxd.it/27Vm,3.5
2023-11-12,The Empire Strikes Back,1980,https://boxd.it/27Vw,3.5
2023-11-12,Star Wars,1977,https://boxd.it/72s,3.5
2023-11-12,Star Wars: Episode III – Revenge of the Sith,2005,https://boxd.it/27US,3.5
2023-11-12,Star Wars: Episode II – Attack of the Clones,2002,https://boxd.it/27V2,3.5
2023-11-12,Star Wars: Episode I – The Phantom Menace,1999,https://boxd.it/27Vc,3.5
2023-11-12,Shutter Island,2010,https://boxd.it/1U82,4.5
2023-11-12,Saw 3D,2010,https://boxd.it/Znk,4
2023-11-12,Saw VI,2009,https://boxd.it/1A2y,4
2023-11-12,Saw V,2008,https://boxd.it/1SMa,4
2023-11-12,Saw IV,2007,https://boxd.it/29Sa,4
2023-11-12,Saw III,2006,https://boxd.it/2aRC,4
2023-11-12,"Monsters, Inc.",2001,https://boxd.it/2a46,4.5
2023-11-12,Kick-Ass,2010,https://boxd.it/1zaQ,4
2023-11-12,It's a Wonderful Life,1946,https://boxd.it/28xA,4
2023-11-12,Hot Tub Time Machine 2,2015,https://boxd.it/7anM,4
2023-11-12,Ex Machina,2015,https://boxd.it/7T2k,4.5
2023-11-14,Ali G Indahouse,2002,https://boxd.it/1Z24,4.5
2023-11-16,Grimsby,2016,https://boxd.it/7ZkO,4
2023-11-25,X-Men: First Class,2011,https://boxd.it/FOA,4
2023-11-25,The Wolverine,2013,https://boxd.it/2CWU,3.5
2023-11-25,A Thousand Words,2012,https://boxd.it/2oBS,3.5
2023-11-25,Shrek Forever After,2010,https://boxd.it/1WRo,3.5
2023-11-25,RoboCop,2014,https://boxd.it/3m4k,3.5
2023-11-25,GoodFellas,1990,https://boxd.it/29FA,5
2023-11-25,Full Metal Jacket,1987,https://boxd.it/2a1Q,4
2023-11-25,American Psycho,2000,https://boxd.it/28Vs,4
2023-11-27,Willy Wonka & the Chocolate Factory,1971,https://boxd.it/2aLu,3.5
2023-11-27,Top Gun,1986,https://boxd.it/29JC,3.5
2023-11-27,Scarface,1983,https://boxd.it/2b7g,4
2023-11-27,Major League,1989,https://boxd.it/1Xts,4
2023-12-18,Blood Diamond,2006,https://boxd.it/28Tm,4
2023-12-18,The Heartbreak Kid,2007,https://boxd.it/1ZjY,3.5
2023-12-23,Fight Club,1999,https://boxd.it/2a9q,4
2023-12-31,Ratatouille,2007,https://boxd.it/27ww,4
2023-12-31,Spectre,2015,https://boxd.it/6bXY,4
2024-01-02,Sgt. Bilko,1996,https://boxd.it/1Zas,3.5
2024-01-06,X-Men Origins: Wolverine,2009,https://boxd.it/27ug,4
2024-01-07,42,2013,https://boxd.it/3GBo,3.5
2024-01-07,The Big Lebowski,1998,https://boxd.it/2b6C,4
2024-01-07,Little Miss Sunshine,2006,https://boxd.it/29EW,4.5
2024-01-07,The Sound of Music,1965,https://boxd.it/1MLK,3.5
2024-01-07,Little Women,2019,https://boxd.it/aSVk,2.5
2024-01-08,Bowfinger,1999,https://boxd.it/1U3w,3
2024-01-08,Zoolander 2,2016,https://boxd.it/aNBE,1.5
2024-01-08,Date Night,2010,https://boxd.it/2l5a,2.5
2024-01-13,Burn After Reading,2008,https://boxd.it/23BW,4
2024-01-14,The Men Who Stare at Goats,2009,https://boxd.it/1Wza,3
2024-01-14,The Lord of the Rings: The Return of the King,2003,https://boxd.it/2b5u,3
2024-01-14,The Lord of the Rings: The Two Towers,2002,https://boxd.it/2b5E,3
2024-01-14,The Lord of the Rings: The Fellowship of the Ring,2001,https://boxd.it/2b5O,3
2024-01-14,Chappie,2015,https://boxd.it/5Y3e,4.5
2024-01-21,Interstellar,2014,https://boxd.it/4VZ8,4.5
2024-01-24,Heat,1995,https://boxd.it/2bg8,4.5
2024-01-26,1917,2019,https://boxd.it/jj4y,4
2024-01-27,My Cousin Vinny,1992,https://boxd.it/1WpO,5
2024-02-04,The Prestige,2006,https://boxd.it/293w,5
2024-02-11,War Dogs,2016,https://boxd.it/9SlO,4
2024-02-11,Flight,2012,https://boxd.it/35Ca,4
2024-02-11,Finding Nemo,2003,https://boxd.it/72i,4.5
2024-02-11,Brother Bear,2003,https://boxd.it/1Xjs,4
2024-02-11,"The Chronicles of Narnia: The Lion, the Witch and the Wardrobe",2005,https://boxd.it/2ark,4
2024-02-11,BASEketball,1998,https://boxd.it/1OVs,4
2024-02-25,Con Air,1997,https://boxd.it/28gO,4
2024-02-25,What to Expect When You're Expecting,2012,https://boxd.it/2DEM,3
2024-03-03,Beverly Hills Cop,1984,https://boxd.it/2baE,4
2024-03-04,A Night at the Roxbury,1998,https://boxd.it/1YHK,4
2024-03-04,The Dilemma,2011,https://boxd.it/RE8,3.5
2024-03-15,Life of Brian,1979,https://boxd.it/2a4q,4.5
2024-03-15,The Fox and the Hound,1981,https://boxd.it/1V0o,4
2024-03-17,Up,2009,https://boxd.it/1OEc,4
2024-03-17,Good Will Hunting,1997,https://boxd.it/2ahY,4.5
2024-03-18,Fantastic Four,2015,https://boxd.it/5a9c,2.5
2024-03-21,Uncut Gems,2019,https://boxd.it/gXGc,4
2024-03-21,Dunkirk,2017,https://boxd.it/d0Y6,4
2024-03-24,Space Jam,1996,https://boxd.it/26YO,4
2024-03-24,The Little Mermaid,1989,https://boxd.it/1WYO,4
2024-03-24,Elf,2003,https://boxd.it/1VyK,4.5
2024-03-24,A Bug's Life,1998,https://boxd.it/1Yyy,4.5
2024-03-24,Alvin and the Chipmunks,2007,https://boxd.it/21E0,4
2024-03-25,Over the Hedge,2006,https://boxd.it/20QY,4
2024-03-25,Rise of the Planet of the Apes,2011,https://boxd.it/cS4,3.5
2024-03-25,Surf's Up,2007,https://boxd.it/1YKY,4
2024-03-25,Dawn of the Planet of the Apes,2014,https://boxd.it/3XyQ,3.5
2024-03-25,Fantasia 2000,1999,https://boxd.it/ENG,4
2024-03-27,Birdman or (The Unexpected Virtue of Ignorance),2014,https://boxd.it/5RFA,2
2024-03-27,Gravity,2013,https://boxd.it/GZY,3.5
2024-03-31,U.S. Marshals,1998,https://boxd.it/1T2M,4
2024-04-06,The Naked Gun: From the Files of Police Squad!,1988,https://boxd.it/18YE,4.5
2024-04-07,Cars,2006,https://boxd.it/29ho,4.5
2024-04-07,Matilda,1996,https://boxd.it/1VhY,3.5
2024-04-13,How to Lose a Guy in 10 Days,2003,https://boxd.it/1XwG,3.5
2024-04-13,Trading Places,1983,https://boxd.it/28sK,4.5
2024-04-14,WALL·E,2008,https://boxd.it/1VEo,4
2024-04-14,Life As We Know It,2010,https://boxd.it/162S,3.5
2024-04-14,Because of Winn-Dixie,2005,https://boxd.it/1HWo,4.5
2024-04-14,The Nutty Professor,1996,https://boxd.it/1YXI,4
2024-04-15,Twins,1988,https://boxd.it/1YxK,4.5
2024-04-21,Saw,2004,https://boxd.it/2aWW,4
2024-04-21,Saw II,2005,https://boxd.it/2aRs,4
2024-04-21,Saw X,2023,https://boxd.it/zUWk,4.5
2024-04-21,Inglourious Basterds,2009,https://boxd.it/1JzG,4
2024-04-22,Criminal,2004,https://boxd.it/1Ozw,3.5
2024-04-25,"O Brother, Where Art Thou?",2000,https://boxd.it/2b3I,4
2024-04-26,Sully,2016,https://boxd.it/cD8Q,3.5
2024-04-26,Nerve,2016,https://boxd.it/aJIc,3
2024-04-26,Planet 51,2009,https://boxd.it/1JA0,3
2024-04-26,The Adventures of Sharkboy and Lavagirl,2005,https://boxd.it/1Ozm,2.5
2024-04-26,The Bad News Bears,1976,https://boxd.it/1zb0,3
2024-04-26,Shazam!,2019,https://boxd.it/8WBu,3
2024-04-26,Little Nicky,2000,https://boxd.it/1Y4I,3
2024-04-26,Monster House,2006,https://boxd.it/1Z2e,3
2024-04-26,Gattaca,1997,https://boxd.it/29Du,4
2024-04-26,The Invention of Lying,2009,https://boxd.it/1zGs,3
2024-04-26,Your Highness,2011,https://boxd.it/16g6,4
2024-04-26,Fun with Dick and Jane,2005,https://boxd.it/20PG,4
2024-04-26,The Town,2010,https://boxd.it/1zyS,4
2024-04-26,The Mask,1994,https://boxd.it/29rS,4
2024-04-26,Big,1988,https://boxd.it/271S,3.5
2024-04-26,Prison Break: The Final Break,2009,https://boxd.it/5phg,3.5
2024-04-26,Ghostbusters,1984,https://boxd.it/g2w,3.5
2024-04-26,Ghostbusters II,1989,https://boxd.it/261s,3.5
2024-04-26,The Little Rascals,1994,https://boxd.it/1V8i,3.5
2024-04-26,Puss in Boots,2011,https://boxd.it/eL34,3.5
2024-04-26,The Incredible Hulk,2008,https://boxd.it/28dU,3.5
2024-04-26,Fantastic Four: Rise of the Silver Surfer,2007,https://boxd.it/27Ii,3.5
2024-04-26,The Italian Job,2003,https://boxd.it/1Y86,3.5
2024-04-26,The Amazing Spider-Man 2,2014,https://boxd.it/3utM,3.5
2024-04-26,Mean Girls,2004,https://boxd.it/1VNg,4
2024-04-26,Tommy Boy,1995,https://boxd.it/1TZ0,4
2024-04-26,Super Troopers,2001,https://boxd.it/12Rs,4
2024-04-26,Office Space,1999,https://boxd.it/28Em,4.5
2024-04-26,Donnie Darko,2001,https://boxd.it/2b2A,4
2024-04-26,Memento,2000,https://boxd.it/2bcK,3.5
2024-04-26,The Revenant,2015,https://boxd.it/8H5e,4
2024-04-27,Butch Cassidy and the Sundance Kid,1969,https://boxd.it/29Vy,4.5
2024-04-29,Let's Be Cops,2014,https://boxd.it/5Qvu,3.5
2024-04-29,Law Abiding Citizen,2009,https://boxd.it/1A2I,4.5
2024-04-30,American Hustle,2013,https://boxd.it/5dz8,4
2024-05-03,Elysium,2013,https://boxd.it/2cBm,4
2024-05-05,Freaky Friday,2003,https://boxd.it/1WwK,4
2024-05-05,Curious George,2006,https://boxd.it/1Xos,4
2024-05-06,Airheads,1994,https://boxd.it/1POW,4
2024-05-06,Se7en,1995,https://boxd.it/29zs,3.5
2024-05-09,The Number 23,2007,https://boxd.it/258C,3
2024-05-09,Pretty Woman,1990,https://boxd.it/2b6M,3.5
2024-05-10,No Country for Old Men,2007,https://boxd.it/21ew,4.5
2024-05-11,Get Hard,2015,https://boxd.it/7Axe,4
2024-05-14,The Matrix,1999,https://boxd.it/2a1m,3.5
2024-05-14,The Matrix Reloaded,2003,https://boxd.it/2a1c,3
2024-05-17,The Matrix Resurrections,2021,https://boxd.it/n87k,3
2024-05-18,Need for Speed,2014,https://boxd.it/4p90,3
2024-05-19,Moon,2009,https://boxd.it/1IGQ,3.5
2024-05-27,Spirit: Stallion of the Cimarron,2002,https://boxd.it/1Zmo,4.5
2024-05-27,Fargo,1996,https://boxd.it/2aHM,4
2024-05-28,"I Love You, Man",2009,https://boxd.it/1JZu,4
2024-05-30,Collateral,2004,https://boxd.it/28F0,4
2024-05-30,Logan,2017,https://boxd.it/7Piy,4
2024-05-30,District 9,2009,https://boxd.it/1Iik,4
2024-06-01,This Is the End,2013,https://boxd.it/3GB4,4.5
2024-06-05,The Godfather,1972,https://boxd.it/2aNK,4
2024-06-05,Deadpool,2016,https://boxd.it/9fOC,4.5
2024-06-08,CHiPs,2017,https://boxd.it/eKv2,3.5
2024-07-07,Yes Man,2008,https://boxd.it/1WPW,3.5
2024-07-13,Zombieland,2009,https://boxd.it/1En6,4.5
2024-07-20,The Watch,2012,https://boxd.it/2MZk,4
2024-09-15,Transformers,2007,https://boxd.it/280c,4
2024-09-15,Transformers: Revenge of the Fallen,2009,https://boxd.it/20gG,4
2024-09-15,Transformers: Dark of the Moon,2011,https://boxd.it/16aC,4
2024-11-02,Harry Potter and the Goblet of Fire,2005,https://boxd.it/29Qo,4
2024-11-02,Harry Potter and the Prisoner of Azkaban,2004,https://boxd.it/29Qy,4
2024-11-02,Harry Potter and the Chamber of Secrets,2002,https://boxd.it/29QI,4
2024-11-02,Harry Potter and the Philosopher's Stone,2001,https://boxd.it/29QS,4
2024-11-02,Harry Potter and the Order of the Phoenix,2007,https://boxd.it/29Qe,4
2024-11-02,Harry Potter and the Half-Blood Prince,2009,https://boxd.it/29FU,4
2024-11-02,Harry Potter and the Deathly Hallows: Part 1,2010,https://boxd.it/1RYu,4
2024-11-02,Harry Potter and the Deathly Hallows: Part 2,2011,https://boxd.it/1RYk,4
2025-01-19,Pride & Prejudice,2005,https://boxd.it/24u8,3.5
2025-02-01,Battleship,2012,https://boxd.it/QZ0,3.5
2025-02-06,Being John Malkovich,1999,https://boxd.it/2ahu,4
2025-02-08,The Grand Budapest Hotel,2014,https://boxd.it/3ZqO,3.5
2025-02-08,The Incredible Burt Wonderstone,2013,https://boxd.it/45ZA,4
2025-02-08,"See No Evil, Hear No Evil",1989,https://boxd.it/1UqA,3.5
2025-02-13,Man of Steel,2013,https://boxd.it/FRk,4
2025-02-20,Justice League,2017,https://boxd.it/4w68,3
2025-02-26,Insomnia,2002,https://boxd.it/2aB0,3.5
2025-02-28,Gran Torino,2008,https://boxd.it/1Qzy,3.5
2025-03-01,Final Destination 2,2003,https://boxd.it/1YSS,3
2025-03-02,Final Destination 3,2006,https://boxd.it/1Z40,3.5
2025-03-02,The Final Destination,2009,https://boxd.it/1EmW,3
2025-03-07,Hulk,2003,https://boxd.it/27PS,3
2025-03-07,Total Recall,1990,https://boxd.it/29qK,3.5
2025-03-13,Orgazmo,1997,https://boxd.it/1ZXO,4
2025-03-28,Punch-Drunk Love,2002,https://boxd.it/20E4,3
2025-04-10,Dog Day Afternoon,1975,https://boxd.it/29bg,4
2025-04-10,Dallas Buyers Club,2013,https://boxd.it/4O8G,4
2025-04-11,Boiler Room,2000,https://boxd.it/1OBi,4
2025-04-12,The Twilight Saga: Breaking Dawn – Part 1,2011,https://boxd.it/DdM,3.5
2025-04-12,Final Destination,2000,https://boxd.it/1YrC,3.5
2025-04-18,I Love You to Death,1990,https://boxd.it/25JI,4.5
2025-04-24,Epic Movie,2007,https://boxd.it/1XSs,2
2025-04-24,Goon,2011,https://boxd.it/2B6o,4.5
2025-04-24,Horrible Bosses 2,2014,https://boxd.it/6HWy,4.5
2025-04-24,Horrible Bosses,2011,https://boxd.it/Ba2,4.5
2025-04-26,A Few Good Men,1992,https://boxd.it/29nw,4
2025-04-27,With Honors,1994,https://boxd.it/1Kp8,3
2025-04-28,3000 Miles to Graceland,2001,https://boxd.it/1Ss0,4
2025-04-28,What Women Want,2000,https://boxd.it/24Sa,0.5
2025-04-28,Central Intelligence,2016,https://boxd.it/9DFE,1.5
2025-04-28,Zookeeper,2011,https://boxd.it/16gq,1.5
2025-04-28,Evan Almighty,2007,https://boxd.it/26s4,3.5
2025-04-28,The Family Man,2000,https://boxd.it/22e8,3.5
2025-04-28,The Great Gatsby,2013,https://boxd.it/JY,3
2025-04-28,Green Lantern,2011,https://boxd.it/QN4,3
2025-04-28,Paul Blart: Mall Cop,2009,https://boxd.it/1NQw,3
2025-04-28,Eat Pray Love,2010,https://boxd.it/16Cc,2
2025-04-28,Batman Begins,2005,https://boxd.it/2aIg,3.5
2025-04-28,The Bounty Hunter,2010,https://boxd.it/1rtU,3.5
2025-04-28,Journey to the Center of the Earth,2008,https://boxd.it/38EI,3.5
2025-04-28,Spaceballs,1987,https://boxd.it/29cy,3.5
2025-04-28,Extract,2009,https://boxd.it/1RGA,2.5
2025-04-28,Ride Along,2014,https://boxd.it/5dqA,2.5
2025-04-28,Leap Year,2010,https://boxd.it/1wdC,3.5
2025-04-28,Suicide Squad,2016,https://boxd.it/9row,2.5
2025-04-28,Grown Ups,2010,https://boxd.it/169a,3
2025-04-28,Grown Ups 2,2013,https://boxd.it/3GAq,3
2025-04-28,Hitch,2005,https://boxd.it/205o,3
2025-04-28,I Now Pronounce You Chuck & Larry,2007,https://boxd.it/25cE,3
2025-04-28,The Internship,2013,https://boxd.it/3SWS,3
2025-04-28,Adventureland,2009,https://boxd.it/1JTQ,3.5
2025-04-28,Wild Wild West,1999,https://boxd.it/205y,3
2025-04-28,Neighbors 2: Sorority Rising,2016,https://boxd.it/aA80,3
2025-04-28,The Mummy,1999,https://boxd.it/2a7a,3
2025-04-28,Men in Black 3,2012,https://boxd.it/103U,3
2025-04-28,Madea's Witness Protection,2012,https://boxd.it/3who,3
2025-04-28,Angels & Demons,2009,https://boxd.it/1Q9K,3.5
2025-04-28,Anchorman 2: The Legend Continues,2013,https://boxd.it/3GNk,3
2025-04-28,Anchorman: The Legend of Ron Burgundy,2004,https://boxd.it/1ZVo,3
2025-04-28,There's Something About Mary,1998,https://boxd.it/2aae,3
2025-04-28,The Avengers,2012,https://boxd.it/1xFW,3
2025-04-28,Despicable Me,2010,https://boxd.it/1DD8,3
2025-04-28,Year One,2009,https://boxd.it/1Ink,3
2025-04-28,License to Wed,2007,https://boxd.it/264m,3
2025-04-28,The Giver,2014,https://boxd.it/6HWo,3
2025-04-28,Baywatch,2017,https://boxd.it/biG6,3
2025-04-28,School of Rock,2003,https://boxd.it/28xK,3
2025-04-28,School for Scoundrels,2006,https://boxd.it/1XG2,3
2025-04-28,Bad News Bears,2005,https://boxd.it/1QnW,3
2025-04-28,The Day After Tomorrow,2004,https://boxd.it/2aog,3
2025-04-28,The Illusionist,2006,https://boxd.it/28H6,3
2025-04-28,Spiral: From the Book of Saw,2021,https://boxd.it/meXk,3
2025-04-28,Dirty Work,1998,https://boxd.it/1NOg,3
2025-04-28,Bee Movie,2007,https://boxd.it/22Vw,3
2025-04-28,Venom: Let There Be Carnage,2021,https://boxd.it/llco,3
2025-04-28,Watchmen,2009,https://boxd.it/1QE4,3
2025-04-28,Batman v Superman: Dawn of Justice,2016,https://boxd.it/6fBW,3
2025-04-28,The Martian,2015,https://boxd.it/8SeG,3
2025-04-28,Welcome to Mooseport,2004,https://boxd.it/1JGC,3
2025-04-28,Treasure Planet,2002,https://boxd.it/1Znm,2.5
2025-04-28,American Sniper,2014,https://boxd.it/5LDy,3.5
2025-04-28,The Campaign,2012,https://boxd.it/2Hz2,3.5
2025-04-28,Wanted,2008,https://boxd.it/1ZBS,3.5
2025-04-28,Hot Rod,2007,https://boxd.it/1X9C,3.5
2025-04-28,Identity Thief,2013,https://boxd.it/3GOW,3.5
2025-04-28,The Pink Panther,2006,https://boxd.it/1Sys,3.5
2025-04-28,Training Day,2001,https://boxd.it/27A4,4.5
2025-04-28,X-Men: Apocalypse,2016,https://boxd.it/7eJi,3.5
2025-04-28,The Imitation Game,2014,https://boxd.it/6aig,3.5
2025-04-28,X-Men: Days of Future Past,2014,https://boxd.it/4aRw,3.5
2025-04-28,Jigsaw,2017,https://boxd.it/9sDs,3.5
2025-04-28,Angel Has Fallen,2019,https://boxd.it/eYfC,3.5
2025-04-28,War of the Worlds,2005,https://boxd.it/2bde,3.5
2025-04-28,Chicken Little,2005,https://boxd.it/1Xnu,3.5
2025-04-28,The Equalizer 3,2023,https://boxd.it/yU54,3.5
2025-04-28,How the Grinch Stole Christmas,2000,https://boxd.it/1ZHQ,3.5
2025-04-28,Get Out,2017,https://boxd.it/eOCm,3.5
2025-04-28,Groundhog Day,1993,https://boxd.it/2b3e,3.5
2025-04-28,No Time to Die,2021,https://boxd.it/cPX2,3.5
2025-04-28,Casino Royale,2006,https://boxd.it/1alk,4.5
2025-04-28,"Planes, Trains and Automobiles",1987,https://boxd.it/26zE,3.5
2025-04-28,Rain Man,1988,https://boxd.it/2avw,3.5
2025-04-28,The Pink Panther 2,2009,https://boxd.it/1MHy,3.5
2025-04-28,Oppenheimer,2023,https://boxd.it/wUow,3.5
2025-04-28,Bedtime Stories,2008,https://boxd.it/1WPM,3.5
2025-04-28,Casino,1995,https://boxd.it/2ads,3.5
2025-04-28,Young Frankenstein,1974,https://boxd.it/25To,3.5
2025-04-28,Cars 2,2011,https://boxd.it/H4Y,3.5
2025-04-28,Finding Dory,2016,https://boxd.it/4aAA,3.5
2025-04-28,The Terminator,1984,https://boxd.it/2aQY,3.5
2025-04-28,Pirates of the Caribbean: Dead Man's Chest,2006,https://boxd.it/2bfk,3.5
2025-04-28,Pirates of the Caribbean: The Curse of the Black Pearl,2003,https://boxd.it/70G,3.5
2025-04-28,The Shaggy Dog,2006,https://boxd.it/1XaK,3.5
2025-04-28,Incredibles 2,2018,https://boxd.it/7IPg,3.5
2025-04-28,Terminator 2: Judgment Day,1991,https://boxd.it/2aGY,3.5
2025-04-28,Hacksaw Ridge,2016,https://boxd.it/azew,3.5
2025-04-28,Pirates of the Caribbean: At World's End,2007,https://boxd.it/2aGu,3.5
2025-04-28,The Day the Earth Stood Still,2008,https://boxd.it/1WQ6,3.5
2025-04-28,Equilibrium,2002,https://boxd.it/211s,3.5
2025-04-28,Super 8,2011,https://boxd.it/dVI,3.5
2025-04-28,The SpongeBob SquarePants Movie,2004,https://boxd.it/1SYq,4.5
2025-04-28,Deadpool & Wolverine,2024,https://boxd.it/jq8s,3.5
2025-04-28,Fantastic Mr. Fox,2009,https://boxd.it/1WyQ,3.5
2025-04-28,Popstar: Never Stop Never Stopping,2016,https://boxd.it/blDa,3.5
2025-04-28,Gone Girl,2014,https://boxd.it/6hQu,3.5
2025-04-28,King Kong,2005,https://boxd.it/2aLa,3.5
2025-04-28,Brave,2012,https://boxd.it/bVG,3.5
2025-04-28,Masterminds,2016,https://boxd.it/6mTe,4
2025-04-28,The Naked Gun 2½: The Smell of Fear,1991,https://boxd.it/18Yu,4
2025-04-28,Date Movie,2006,https://boxd.it/1X9M,1.5
2025-04-28,Tenacious D in The Pick of Destiny,2006,https://boxd.it/27go,2.5
2025-05-03,Forrest Gump,1994,https://boxd.it/728,4.5
2025-05-25,The Book Thief,2013,https://boxd.it/67wO,3.5
2025-05-26,Storks,2016,https://boxd.it/aUo8,3.5
2025-05-26,The Island,2005,https://boxd.it/28qE,3.5
2025-05-29,Chronicle,2012,https://boxd.it/2Emk,4
2025-06-13,Dirty Rotten Scoundrels,1988,https://boxd.it/1WZi,3.5
2025-06-17,"South Park: Bigger, Longer & Uncut",1999,https://boxd.it/1YAO,4
2025-07-14,Tarzan,1999,https://boxd.it/18YO,4.5
2025-07-17,The Hangover,2009,https://boxd.it/1GjK,5
2025-07-22,Life,1999,https://boxd.it/21zE,4
2025-07-26,Tangled,2010,https://boxd.it/15gO,3.5
2025-07-26,How to Train Your Dragon,2010,https://boxd.it/1WRy,4
2025-07-26,How to Train Your Dragon 2,2014,https://boxd.it/2TRW,3.5
2025-07-26,Hercules,1997,https://boxd.it/1SDW,4
2025-07-26,Harlem Nights,1989,https://boxd.it/1Zcy,3.5
2025-07-26,My Girl,1991,https://boxd.it/24PK,3.5
2025-07-26,Don't Be a Menace to South Central While Drinking Your Juice in the Hood,1996,https://boxd.it/1VQa,3
2025-07-26,Independence Day,1996,https://boxd.it/2a1w,3.5
2025-07-26,The Majestic,2001,https://boxd.it/1UFU,3
2025-07-26,Boat Trip,2002,https://boxd.it/1YnA,2.5
2025-07-27,RV,2006,https://boxd.it/1YrW,4.5
2025-08-04,The Unbearable Weight of Massive Talent,2022,https://boxd.it/o6eK,2.5
2025-08-04,Life of Pi,2012,https://boxd.it/37pC,4
2025-08-04,Meet Dave,2008,https://boxd.it/1Uf8,3
2025-08-11,Starship Troopers,1997,https://boxd.it/2a7k,5
2025-08-23,Coneheads,1993,https://boxd.it/1YeS,4
2025-08-24,10 Things I Hate About You,1999,https://boxd.it/23AO,4
2025-08-25,Little Man,2006,https://boxd.it/1ZeE,3.5
2025-09-04,Big Fat Liar,2002,https://boxd.it/1STg,4.5
2025-09-26,Hannibal,2001,https://boxd.it/1XVc,3
2025-09-26,The Silence of the Lambs,1991,https://boxd.it/2aHW,3.5
2025-09-27,Red Dragon,2002,https://boxd.it/1Yrs,4
2025-09-28,Harold & Kumar Go to White Castle,2004,https://boxd.it/1Ueu,4
2025-09-28,Harold & Kumar Escape from Guantanamo Bay,2008,https://boxd.it/1QoU,4
2025-09-29,The Suicide Squad,2021,https://boxd.it/fw6O,3.5
2025-09-29,Enchanted,2007,https://boxd.it/24co,2.5
2025-10-04,Now You See Me 2,2016,https://boxd.it/99fw,4
2025-10-04,Vanilla Sky,2001,https://boxd.it/27TK,4.5
2025-10-05,Clash of the Titans,2010,https://boxd.it/1GfI,3.5
2025-10-05,Wrath of the Titans,2012,https://boxd.it/nlU,3.5
2025-10-05,Burnt,2015,https://boxd.it/9mVg,3.5
2025-10-05,Final Destination 5,2011,https://boxd.it/r1k,3.5
2025-10-05,Zombieland: Double Tap,2019,https://boxd.it/bgb6,4
2025-10-08,The Aviator,2004,https://boxd.it/26BU,0.5
2025-10-08,The Wizard of Oz,1939,https://boxd.it/29Xu,0.5
2025-10-08,Vacation,2015,https://boxd.it/9n9M,0.5
2025-10-08,The Family Stone,2005,https://boxd.it/1Zja,3
2025-10-08,I Spy,2002,https://boxd.it/20aS,0.5
2025-10-08,Shanghai Knights,2003,https://boxd.it/228a,0.5
2025-10-08,The Monuments Men,2014,https://boxd.it/4OxQ,0.5
2025-10-08,A Knight's Tale,2001,https://boxd.it/1YAk,0.5
2025-10-08,Hellboy II: The Golden Army,2008,https://boxd.it/1Ug6,0.5
2025-10-08,The Last Samurai,2003,https://boxd.it/29ZA,0.5
2025-10-08,While You Were Sleeping,1995,https://boxd.it/27wm,0.5
2025-10-08,I Am Legend,2007,https://boxd.it/21DG,0.5
2025-10-08,Accepted,2006,https://boxd.it/1XO6,0.5
2025-10-08,300,2006,https://boxd.it/28XI,0.5
2025-10-08,Stolen,2012,https://boxd.it/4aM2,0.5
2025-10-08,Percy Jackson: Sea of Monsters,2013,https://boxd.it/2D8m,0.5
2025-10-08,Den of Thieves,2018,https://boxd.it/g17e,0.5
2025-10-08,Shanghai Noon,2000,https://boxd.it/202a,0.5
2025-10-08,Unfinished Business,2015,https://boxd.it/73cC,0.5
2025-10-08,Speed,1994,https://boxd.it/28qk,0.5
2025-10-08,No Strings Attached,2011,https://boxd.it/YUs,0.5
2025-10-08,Mike and Dave Need Wedding Dates,2016,https://boxd.it/aciK,0.5
2025-10-08,Big Eyes,2014,https://boxd.it/36ms,0.5
2025-10-08,Zack and Miri Make a Porno,2008,https://boxd.it/1WsI,0.5
2025-10-08,"Hail, Caesar!",2016,https://boxd.it/881G,0.5
2025-10-08,National Lampoon's European Vacation,1985,https://boxd.it/1TTc,0.5
2025-10-08,Scrooged,1988,https://boxd.it/1Y9e,0.5
2025-10-08,Source Code,2011,https://boxd.it/fdo,0.5
2025-10-08,The Mummy Returns,2001,https://boxd.it/28cs,0.5
2025-10-08,Bewitched,2005,https://boxd.it/1XXW,0.5
2025-10-08,Up in the Air,2009,https://boxd.it/1zPY,3
2025-10-08,Lethal Weapon 3,1992,https://boxd.it/29dG,0.5
2025-10-08,Lethal Weapon 2,1989,https://boxd.it/29dQ,0.5
2025-10-08,Lethal Weapon,1987,https://boxd.it/29e0,0.5
2025-10-08,First Blood,1982,https://boxd.it/28U0,0.5
2025-10-08,Analyze That,2002,https://boxd.it/1XuK,0.5
2025-10-08,The Mummy,2017,https://boxd.it/8HnW,0.5
2025-10-08,Jurassic World,2015,https://boxd.it/4n0g,0.5
2025-10-08,Jurassic World: Fallen Kingdom,2018,https://boxd.it/bOnU,0.5
2025-10-08,Oz the Great and Powerful,2013,https://boxd.it/2cAI,0.5
2025-10-08,Good Boys,2019,https://boxd.it/iW1G,0.5
2025-10-08,Cyrus,2010,https://boxd.it/14zA,0.5
2025-10-08,Corpse Bride,2005,https://boxd.it/24WQ,0.5
2025-10-08,National Lampoon's Vacation,1983,https://boxd.it/1Uvq,0.5
2025-10-08,This Is 40,2012,https://boxd.it/39WI,0.5
2025-10-08,Ocean's Thirteen,2007,https://boxd.it/2aEy,0.5
2025-10-08,Ocean's Twelve,2004,https://boxd.it/2aZ2,0.5
2025-10-08,The Little Rascals Save the Day,2014,https://boxd.it/7IR2,0.5
2025-10-08,Midnight Run,1988,https://boxd.it/1ZnQ,0.5
2025-10-08,The Legend of Tarzan,2016,https://boxd.it/7DUU,0.5
2025-10-08,Friday,1995,https://boxd.it/1VLO,0.5
2025-10-08,Zodiac,2007,https://boxd.it/27MO,0.5
2025-10-08,The Wedding Planner,2001,https://boxd.it/27Cu,0.5
2025-10-08,Stuart Little,1999,https://boxd.it/1WZW,0.5
2025-10-08,Lethal Weapon 4,1998,https://boxd.it/29dw,0.5
2025-10-08,Major Payne,1995,https://boxd.it/1US0,0.5
2025-10-08,Vegas Vacation,1997,https://boxd.it/1TT2,0.5
2025-10-08,Downsizing,2017,https://boxd.it/9Ajq,0.5
2025-10-08,Black Sheep,1996,https://boxd.it/1OXe,0.5
2025-10-08,Lucky Number Slevin,2006,https://boxd.it/2aVu,0.5
2025-10-08,Ghosts of Girlfriends Past,2009,https://boxd.it/1RIm,0.5
2025-10-08,Bulletproof,1996,https://boxd.it/1Vy6,3
2025-10-08,Money Monster,2016,https://boxd.it/9GCS,0.5
2025-10-08,The Devil's Advocate,1997,https://boxd.it/286k,0.5
2025-10-08,Unbroken,2014,https://boxd.it/6IaA,0.5
2025-10-08,Shark Tale,2004,https://boxd.it/1VYe,0.5
2025-10-08,Noah,2014,https://boxd.it/34QA,0.5
2025-10-08,Jaws,1975,https://boxd.it/2a5e,0.5
2025-10-08,Hoot,2006,https://boxd.it/1HfE,0.5
2025-10-08,The Haunted Mansion,2003,https://boxd.it/1Vtq,0.5
2025-10-08,The Chronicles of Narnia: The Voyage of the Dawn Treader,2010,https://boxd.it/1WZs,0.5
2025-10-08,The Addams Family,1991,https://boxd.it/267g,0.5
2025-10-08,Addams Family Values,1993,https://boxd.it/26mq,0.5
2025-10-08,The Croods,2013,https://boxd.it/FRE,0.5
2025-10-08,Aladdin,1992,https://boxd.it/29yE,0.5
2025-10-08,The Shining,1980,https://boxd.it/29Nu,0.5
2025-10-08,Sherlock Holmes: A Game of Shadows,2011,https://boxd.it/k3S,0.5
2025-10-08,Sherlock Holmes,2009,https://boxd.it/1W2A,0.5
2025-10-08,Peter Pan,1953,https://boxd.it/1VCC,0.5
2025-10-08,Mary Poppins,1964,https://boxd.it/2aoA,0.5
2025-10-08,The Judge,2014,https://boxd.it/6aiU,0.5
2025-10-08,The Irishman,2019,https://boxd.it/dYOq,0.5
2025-10-08,Grudge Match,2013,https://boxd.it/9w,0.5
2025-10-08,Friends with Benefits,2011,https://boxd.it/DoK,0.5
2025-10-08,Hitman: Agent 47,2015,https://boxd.it/7iA0,0.5
2025-10-08,Grease,1978,https://boxd.it/29YW,0.5
2025-10-08,St. Vincent,2014,https://boxd.it/73bE,0.5
2025-10-08,The Gambler,2014,https://boxd.it/8NUi,0.5
2025-10-08,My Big Fat Greek Wedding,2002,https://boxd.it/20k4,2.5
2025-10-08,Monty Python and the Holy Grail,1975,https://boxd.it/29GI,0.5
2025-10-08,A Million Ways to Die in the West,2014,https://boxd.it/5H9k,0.5
2025-10-08,Last Action Hero,1993,https://boxd.it/1YhW,0.5
2025-10-08,Lady and the Tramp,1955,https://boxd.it/1Wv8,0.5
2025-10-08,How Do You Know,2010,https://boxd.it/VMK,0.5
2025-10-08,Coming to America,1988,https://boxd.it/1Ygu,3.5
2025-10-08,Cinderella,1950,https://boxd.it/1Uki,0.5
2025-10-08,The Chronicles of Narnia: Prince Caspian,2008,https://boxd.it/26Hy,0.5
2025-10-08,Bambi,1942,https://boxd.it/25AQ,0.5
2025-10-08,Alice in Wonderland,1951,https://boxd.it/1Sz6,0.5
2025-10-08,One Flew Over the Cuckoo's Nest,1975,https://boxd.it/2aeA,0.5
2025-10-08,The Jungle Book,1967,https://boxd.it/1YY2,0.5
2025-10-08,Open Season,2006,https://boxd.it/20U2,0.5
2025-10-08,End of Watch,2012,https://boxd.it/2F5O,0.5
2025-10-08,The Princess Diaries 2: Royal Engagement,2004,https://boxd.it/1UyY,0.5
2025-10-08,A Christmas Carol,2009,https://boxd.it/1HKW,0.5
2025-10-08,Chicken Run,2000,https://boxd.it/20Xg,0.5
2025-10-08,That's My Boy,2012,https://boxd.it/35IW,0.5
2025-10-08,Stranger Than Fiction,2006,https://boxd.it/28Za,0.5
2025-10-08,The Spiderwick Chronicles,2008,https://boxd.it/20v2,0.5
2025-10-08,Pearl Harbor,2001,https://boxd.it/29Q4,0.5
2025-10-08,Passengers,2016,https://boxd.it/8lFu,0.5
2025-10-08,Old Yeller,1957,https://boxd.it/1AeE,0.5
2025-10-08,Here Comes the Boom,2012,https://boxd.it/37pM,0.5
2025-10-08,Defiance,2008,https://boxd.it/1Pme,0.5
2025-10-08,Beauty and the Beast,1991,https://boxd.it/1XhG,0.5
2025-10-08,The Cat in the Hat,2003,https://boxd.it/1VSU,0.5
2025-10-08,Sky High,2005,https://boxd.it/1TNI,4
2025-10-08,The Replacements,2000,https://boxd.it/1Wno,0.5
2025-10-08,Kung Fu Panda,2008,https://boxd.it/1Yws,0.5
2025-10-08,Jimmy Neutron: Boy Genius,2001,https://boxd.it/1RDm,0.5
2025-10-08,A Charlie Brown Christmas,1965,https://boxd.it/1QDq,0.5
2025-10-08,Analyze This,1999,https://boxd.it/1Yr8,0.5
2025-10-08,Pacific Rim,2013,https://boxd.it/2cB2,3.5
2025-10-08,Batman,1989,https://boxd.it/2aIU,0.5
2025-10-08,Batman Returns,1992,https://boxd.it/2awa,0.5
2025-10-08,Batman Forever,1995,https://boxd.it/2ara,0.5
2025-10-08,Batman & Robin,1997,https://boxd.it/2ar0,0.5
2025-10-08,50/50,2011,https://boxd.it/10Tw,0.5
2025-10-08,Double Jeopardy,1999,https://boxd.it/1WmA,0.5
2025-10-08,The Twilight Saga: New Moon,2009,https://boxd.it/1Hj2,0.5
2025-10-08,The Twilight Saga: Eclipse,2010,https://boxd.it/1ytW,0.5
2025-10-08,Twilight,2008,https://boxd.it/1Zui,0.5
2025-10-08,Captain America: The First Avenger,2011,https://boxd.it/28b0,3.5
2025-10-08,Black Panther,2018,https://boxd.it/8MHs,0.5
2025-10-08,Godzilla,2014,https://boxd.it/47OE,0.5
2025-10-08,The Big Short,2015,https://boxd.it/ajZw,0.5
2025-10-08,Saving Mr. Banks,2013,https://boxd.it/4vIq,0.5
2025-10-08,Big Hero 6,2014,https://boxd.it/5rje,0.5
2025-10-08,Frozen,2013,https://boxd.it/3GNa,0.5
2025-10-08,The Nightmare Before Christmas,1993,https://boxd.it/1YzQ,0.5
2025-10-08,The Princess Diaries,2001,https://boxd.it/1XCO,0.5
2025-10-08,The Parent Trap,1998,https://boxd.it/1XJq,0.5
2025-10-08,The Notebook,2004,https://boxd.it/1UNE,0.5
2025-10-08,Without a Paddle,2004,https://boxd.it/1Vss,0.5
2025-10-08,Seven Pounds,2008,https://boxd.it/1U8w,0.5
2025-10-08,Overboard,1987,https://boxd.it/1VpS,3
2025-10-08,Dumbo,1941,https://boxd.it/1U2o,0.5
2025-10-08,Division III: Football's Finest,2011,https://boxd.it/2TUG,4.5
2025-10-08,Pirates of the Caribbean: On Stranger Tides,2011,https://boxd.it/27Z4,0.5
2025-10-08,The Twilight Saga: Breaking Dawn – Part 2,2012,https://boxd.it/DdC,0.5
2025-10-08,E.T. the Extra-Terrestrial,1982,https://boxd.it/2a1G,0.5
2025-10-08,Pocahontas,1995,https://boxd.it/1W2g,0.5
2025-10-08,What Dreams May Come,1998,https://boxd.it/1SoM,0.5
2025-10-08,"Good Morning, Vietnam",1987,https://boxd.it/29Aq,0.5
2025-10-08,The Tale of Despereaux,2008,https://boxd.it/1WQg,0.5
2025-10-08,Herbie Fully Loaded,2005,https://boxd.it/1TP0,0.5
2025-10-08,War Horse,2011,https://boxd.it/nf8,0.5
2025-10-08,Maleficent,2014,https://boxd.it/3v1u,0.5
2025-10-08,Mile 22,2018,https://boxd.it/bEwM,0.5
2025-10-08,Jarhead,2005,https://boxd.it/70m,0.5
2025-10-08,Jackass Presents: Bad Grandpa,2013,https://boxd.it/6e3u,0.5
2025-10-08,A League of Their Own,1992,https://boxd.it/1UdG,0.5
2025-10-08,Nim's Island,2008,https://boxd.it/1W8y,0.5
2025-10-08,Mr. 3000,2004,https://boxd.it/1Kxc,0.5
2025-10-08,Alice in Wonderland,2010,https://boxd.it/1Spq,0.5
2025-10-08,The Hunger Games: The Ballad of Songbirds & Snakes,2023,https://boxd.it/pZCY,3
2025-10-08,The Founder,2016,https://boxd.it/9XwM,0.5
2025-10-08,Titanic,1997,https://boxd.it/2a2k,0.5
2025-10-08,Kingpin,1996,https://boxd.it/1TB8,0.5
2025-10-08,Turner & Hooch,1989,https://boxd.it/21ie,0.5
2025-10-08,About Time,2013,https://boxd.it/43bI,0.5
2025-10-08,"Dude, Where's My Car?",2000,https://boxd.it/1ZJi,0.5
2025-10-08,MacGruber,2010,https://boxd.it/17ay,0.5
2025-10-08,Sleeping Beauty,1959,https://boxd.it/1V9A,0.5
2025-10-08,Jurassic Park,1993,https://boxd.it/2aA2,0.5
2025-10-08,Dennis the Menace,1993,https://boxd.it/1SrQ,0.5
2025-10-08,Flushed Away,2006,https://boxd.it/1Tpm,0.5
2025-10-08,Back to the Future Part III,1990,https://boxd.it/2aTS,0.5
2025-10-08,Back to the Future Part II,1989,https://boxd.it/2aYI,0.5
2025-10-08,Back to the Future,1985,https://boxd.it/2b8e,0.5
2025-10-08,How to Train Your Dragon,2025,https://boxd.it/F7Je,2
2025-10-08,Tarzan II,2005,https://boxd.it/1LNU,0.5
2025-10-08,The Last Stand,2013,https://boxd.it/2Eao,0.5
2025-10-08,Raiders of the Lost Ark,1981,https://boxd.it/2bbs,0.5
2025-10-08,Indiana Jones and the Last Crusade,1989,https://boxd.it/2baO,0.5
2025-10-08,Indiana Jones and the Kingdom of the Crystal Skull,2008,https://boxd.it/2aR8,0.5
2025-10-08,Star Wars: The Force Awakens,2015,https://boxd.it/4vru,0.5
2025-10-08,Venom,2018,https://boxd.it/b8wA,0.5
2025-10-08,The New Mutants,2020,https://boxd.it/bjle,0.5
2025-10-08,How the Grinch Stole Christmas!,1966,https://boxd.it/1Qj6,0.5
2025-10-08,The King of Staten Island,2020,https://boxd.it/litG,0.5
2025-10-08,Aliens in the Attic,2009,https://boxd.it/1COY,0.5
2025-10-08,Toy Story 3,2010,https://boxd.it/1WRe,0.5
2025-10-08,Toy Story 2,1999,https://boxd.it/29qq,0.5
2025-10-08,Toy Story,1995,https://boxd.it/29qA,0.5
2025-10-08,"McFarland, USA",2015,https://boxd.it/6JCq,0.5
2025-10-08,Babe,1995,https://boxd.it/1Yh8,0.5
2025-10-08,Gulliver's Travels,2010,https://boxd.it/15iK,0.5
2025-10-08,World's Greatest Dad,2009,https://boxd.it/1DVG,0.5
2025-10-08,Planes,2013,https://boxd.it/4Na2,0.5
2025-10-08,A Charlie Brown Thanksgiving,1973,https://boxd.it/1Q5I,0.5
2025-10-08,Charlotte's Web,2006,https://boxd.it/1Xn0,0.5
2025-10-08,Jurassic Park III,2001,https://boxd.it/2azI,0.5
2025-10-08,Fantasia,1940,https://boxd.it/29HG,0.5
2025-10-08,Jack Frost,1998,https://boxd.it/1XUo,0.5
2025-10-08,The Lost World: Jurassic Park,1997,https://boxd.it/2azS,0.5
2025-10-08,Pinocchio,1940,https://boxd.it/1V8C,0.5
2025-10-08,Prisoners,2013,https://boxd.it/4E5i,0.5
2025-10-08,VeggieTales: Where's God When I'm S-Scared?,1993,https://boxd.it/83PG,0.5
2025-10-08,VeggieTales: Saint Nicholas - A Story of Joyful Giving,2009,https://boxd.it/8f5A,0.5
2025-10-08,VeggieTales: Lord of the Beans,2005,https://boxd.it/8hI0,0.5
2025-10-08,VeggieTales: King George and the Ducky,2000,https://boxd.it/8hGS,0.5
2025-10-08,Jonah: A VeggieTales Movie,2002,https://boxd.it/1MFM,0.5
2025-10-08,VeggieTales: The Star of Christmas,2002,https://boxd.it/8ma8,0.5
2025-10-08,VeggieTales: The Toy That Saved Christmas,1996,https://boxd.it/7WcW,0.5
2025-10-08,VeggieTales: Dave and the Giant Pickle,1996,https://boxd.it/8hpC,0.5
2025-10-08,"VeggieTales: Esther, The Girl Who Became Queen",2000,https://boxd.it/8hGo,0.5
2025-10-08,VeggieTales: An Easter Carol,2004,https://boxd.it/84gs,0.5
2025-10-08,VeggieTales: The Ballad of Little Joe,2003,https://boxd.it/8inC,0.5
2025-10-08,Garfield,2004,https://boxd.it/1ZAA,0.5
2025-10-08,Cars 3,2017,https://boxd.it/7IPq,0.5
2025-10-08,Rogue One: A Star Wars Story,2016,https://boxd.it/aPvy,0.5
2025-10-08,Hotel for Dogs,2009,https://boxd.it/1MEa,0.5
2025-10-08,Air Bud,1997,https://boxd.it/1CYY,0.5
2025-10-08,Air Bud: World Pup,2000,https://boxd.it/1CYa,0.5
2025-10-08,Air Bud: Seventh Inning Fetch,2002,https://boxd.it/1BM8,0.5
2025-10-08,Air Bud: Spikes Back,2003,https://boxd.it/1wYy,0.5
2025-10-08,Never Been Kissed,1999,https://boxd.it/1U3c,0.5
2025-10-08,xXx: State of the Union,2005,https://boxd.it/1Tg0,0.5
2025-10-10,Spy Kids,2001,https://boxd.it/1Xcw,3.5
2025-10-10,Spy Kids 2: The Island of Lost Dreams,2002,https://boxd.it/1Yyo,3.5
2025-10-10,Spy Kids 3-D: Game Over,2003,https://boxd.it/1S7w,4
2025-10-10,Mr. Popper's Penguins,2011,https://boxd.it/kRS,3
2025-10-10,Joe Dirt 2: Beautiful Loser,2015,https://boxd.it/b8uE,0.5
2025-10-10,Daddy Day Camp,2007,https://boxd.it/1OFY,0.5
2025-10-10,Arthur,2011,https://boxd.it/H58,0.5
2025-10-10,Tammy,2014,https://boxd.it/6GOS,0.5
2025-10-10,Son of the Mask,2005,https://boxd.it/1WNQ,0.5
2025-10-10,Beverly Hills Cop III,1994,https://boxd.it/2aDg,0.5
2025-10-10,Four Brothers,2005,https://boxd.it/20o6,0.5
2025-10-10,Beverly Hills Cop II,1987,https://boxd.it/2b9G,0.5
2025-10-10,The Mummy: Tomb of the Dragon Emperor,2008,https://boxd.it/28ci,0.5
2025-10-10,Enemy of the State,1998,https://boxd.it/1XME,0.5
2025-10-10,Rounders,1998,https://boxd.it/1WMS,0.5
2025-10-10,The Other Woman,2014,https://boxd.it/5Q3U,0.5
2025-10-10,Oblivion,2013,https://boxd.it/2Bzq,0.5
2025-10-10,Snow White and the Seven Dwarfs,1937,https://boxd.it/2arO,0.5
2025-10-10,Dark Phoenix,2019,https://boxd.it/anyO,2.5
2025-10-10,Gangs of New York,2002,https://boxd.it/25FG,0.5
2025-10-10,Fury,2014,https://boxd.it/6JwC,0.5
2025-10-10,Snowpiercer,2013,https://boxd.it/3Icg,0.5
2025-10-10,The Lego Batman Movie,2017,https://boxd.it/azp0,0.5
2025-10-10,La La Land,2016,https://boxd.it/a5fa,0.5
2025-10-17,Ripped,2017,https://boxd.it/bRxy,0.5
2025-10-17,65,2023,https://boxd.it/qbus,0.5
2025-10-17,A Christmas Story,1983,https://boxd.it/29sw,0.5
2025-10-17,Indiana Jones and the Dial of Destiny,2023,https://boxd.it/b8vM,0.5
2025-10-20,Jackass 2.5,2007,https://boxd.it/1OEw,0.5
2025-10-20,Lilo & Stitch,2002,https://boxd.it/1TAY,0.5
2025-10-20,Police Academy,1984,https://boxd.it/1YWg,0.5
2025-10-25,The Promotion,2008,https://boxd.it/1QFm,0.5
2025-10-25,Patriots Day,2016,https://boxd.it/dyo2,0.5
2025-10-25,The Three Stooges,2012,https://boxd.it/2DFA,0.5
2025-10-25,Thor: Ragnarok,2017,https://boxd.it/8MHi,0.5
2025-10-25,The Disaster Artist,2017,https://boxd.it/cTqc,0.5
2025-10-25,No Time for Sergeants,1958,https://boxd.it/1EhW,0.5
2025-10-25,Bohemian Rhapsody,2018,https://boxd.it/f1TK,0.5
2025-10-25,The Finest Hours,2016,https://boxd.it/9yAa,0.5
2025-10-25,Once Upon a Time... in Hollywood,2019,https://boxd.it/gH0O,0.5
2025-10-25,Star Wars: The Rise of Skywalker,2019,https://boxd.it/5xlK,0.5
2025-10-25,Star Wars: The Last Jedi,2017,https://boxd.it/5xme,0.5
2025-10-25,Spider-Man: Into the Spider-Verse,2018,https://boxd.it/azpY,0.5
2025-10-25,Seven Brides for Seven Brothers,1954,https://boxd.it/1JWA,4
2025-10-26,Moonwalkers,2015,https://boxd.it/8ehA,0.5
2025-10-26,Logan Lucky,2017,https://boxd.it/dZrs,0.5
2025-10-26,Sausage Party,2016,https://boxd.it/6CCe,0.5
2025-10-28,Lars and the Real Girl,2007,https://boxd.it/21tG,2.5
2025-10-28,Mrs. Doubtfire,1993,https://boxd.it/29Cw,0.5
2025-10-28,Real Steel,2011,https://boxd.it/147m,0.5
2025-10-28,G.I. Joe: Retaliation,2013,https://boxd.it/2o6A,3
2025-10-29,Alita: Battle Angel,2019,https://boxd.it/e0rS,4
2025-10-30,Godzilla Minus One,2023,https://boxd.it/zu4c,3.5
2025-10-30,Skyfall,2012,https://boxd.it/17Fc,5
2025-10-30,Zero Dark Thirty,2012,https://boxd.it/3n1w,0.5
2025-10-31,Shrek,2001,https://boxd.it/29zi,5
2025-11-03,Kong: Skull Island,2017,https://boxd.it/9ewM,3.5
2025-11-07,Godzilla vs. Kong,2021,https://boxd.it/e0qK,3.5
2025-11-10,Godzilla: King of the Monsters,2019,https://boxd.it/cY7Y,3
2025-11-12,Godzilla × Kong: The New Empire,2024,https://boxd.it/v1PK,3
2025-11-15,Super Troopers 2,2018,https://boxd.it/ECo,3.5
2025-11-15,The Bourne Identity,2002,https://boxd.it/26EO,4
2025-11-17,The Bourne Supremacy,2004,https://boxd.it/26EE,4
2025-11-22,American Pie,1999,https://boxd.it/27qy,4
2025-11-23,The Bourne Ultimatum,2007,https://boxd.it/26Eu,4
2025-11-23,Jason Bourne,2016,https://boxd.it/ayYy,3.5
2025-11-24,American Pie 2,2001,https://boxd.it/26kO,4
2025-11-26,National Lampoon's Christmas Vacation,1989,https://boxd.it/22wQ,4
2025-11-26,American Wedding,2003,https://boxd.it/20r0,4
2025-11-30,I Am Number Four,2011,https://boxd.it/MXY,3
2025-12-03,Red Dawn,2012,https://boxd.it/fhq,0.5
2025-12-09,Tag,2018,https://boxd.it/gh7Y,3.5
2025-12-11,Let's Go to Prison,2006,https://boxd.it/1XL2,4
2025-12-15,Bad Santa,2003,https://boxd.it/1WYk,4
2025-12-16,Bad Santa 2,2016,https://boxd.it/bgaC,3
2025-12-17,Home Alone 2: Lost in New York,1992,https://boxd.it/29F6,4.5
2025-12-18,Observe and Report,2009,https://boxd.it/1Joe,0.5
2025-12-19,The Night Before,2015,https://boxd.it/9n9W,3
2025-12-20,Kill Bill: Vol. 1,2003,https://boxd.it/70w,4
2025-12-20,Kill Bill: Vol. 2,2004,https://boxd.it/2au4,4
2025-12-21,How to Eat Fried Worms,2006,https://boxd.it/1yhw,0.5
2025-12-21,Agent Cody Banks 2: Destination London,2004,https://boxd.it/1Jhi,0.5
2025-12-21,12 Angry Men,1957,https://boxd.it/2auI,4
2025-12-21,Snowden,2016,https://boxd.it/9CWO,3.5
2025-12-23,Fred Claus,2007,https://boxd.it/236O,3.5
2025-12-24,Final Destination Bloodlines,2025,https://boxd.it/l5y4,3.5
2025-12-25,Miracle on 34th Street,1947,https://boxd.it/1SRu,4.5
2025-12-27,Ice Age,2002,https://boxd.it/2apS,4
2025-12-28,Ice Age: The Meltdown,2006,https://boxd.it/2wRk,3.5
2025-12-28,Ice Age: Dawn of the Dinosaurs,2009,https://boxd.it/20iC,3.5
2025-12-29,Ice Age: Continental Drift,2012,https://boxd.it/lQ2,3.5
2026-01-06,Frequency,2000,https://boxd.it/1VXA,4
2026-01-06,Trapped in Paradise,1994,https://boxd.it/1ySM,3.5
2026-01-08,Cheaper by the Dozen,2003,https://boxd.it/1USa,4
2026-01-08,Cheaper by the Dozen 2,2005,https://boxd.it/1Yac,4
2026-01-08,The Big Year,2011,https://boxd.it/2wWE,3.5
2026-01-08,John Wick: Chapter 3 – Parabellum,2019,https://boxd.it/gmFw,4.5
2026-01-09,Holes,2003,https://boxd.it/20mE,3.5
2026-01-12,Movie 43,2013,https://boxd.it/37qK,4.5
2026-01-12,The Green Mile,1999,https://boxd.it/2agG,4.5
2026-01-12,Zootopia,2016,https://boxd.it/84xS,3.5
2026-01-13,Scott Pilgrim vs. the World,2010,https://boxd.it/1Aq6,4
2026-01-14,Atlantis: The Lost Empire,2001,https://boxd.it/1Vck,3
2026-01-14,Cloudy with a Chance of Meatballs,2009,https://boxd.it/1A40,3.5
2026-01-14,Daddy Day Care,2003,https://boxd.it/1VAw,3.5
2026-01-15,Monster-in-Law,2005,https://boxd.it/24re,3
2026-01-16,The Adventures of Tintin,2011,https://boxd.it/1Irc,3.5
2026-01-18,Hotel Transylvania,2012,https://boxd.it/2DF6,3.5
2026-01-18,Lemony Snicket's A Series of Unfortunate Events,2004,https://boxd.it/1T7s,4
2026-01-20,The Switch,2010,https://boxd.it/ZVw,3
2026-01-21,The Money Pit,1986,https://boxd.it/1Wc6,4
2026-01-22,Mulan,1998,https://boxd.it/1VFw,4
2026-01-23,The Substance,2024,https://boxd.it/zanS,4
2026-01-23,Are We There Yet?,2005,https://boxd.it/1Tms,3
2026-01-24,"I, Robot",2004,https://boxd.it/27y8,3.5
2026-01-25,The NeverEnding Story,1984,https://boxd.it/1dE0,3.5
2026-01-25,The Naked Gun,2025,https://boxd.it/Da9k,4
2026-01-25,Project X,2012,https://boxd.it/neO,0.5
2026-01-25,The Outsiders,1983,https://boxd.it/2aPw,4
2026-01-28,Puss in Boots: The Last Wish,2022,https://boxd.it/aaie,3.5
2026-01-29,American Ultra,2015,https://boxd.it/7KXc,3.5
2026-01-29,BlacKkKlansman,2018,https://boxd.it/hxL8,3.5
2026-01-30,A Bronx Tale,1993,https://boxd.it/28uQ,4
2026-01-31,The Iron Claw,2023,https://boxd.it/w5Pm,4
2026-01-31,Jojo Rabbit,2019,https://boxd.it/iEBG,3.5
2026-01-31,Wonder Woman,2017,https://boxd.it/9roG,3.5
2026-01-31,Shooter,2007,https://boxd.it/20TS,0.5
2026-02-01,Ferris Bueller's Day Off,1986,https://boxd.it/1YPY,4.5
2026-02-02,Kick-Ass 2,2013,https://boxd.it/hqu,4
2026-02-02,Snakes on a Plane,2006,https://boxd.it/2aAw,3
2026-02-03,The Ministry of Ungentlemanly Warfare,2024,https://boxd.it/u5zu,3.5
2026-02-04,Monsters University,2013,https://boxd.it/bQm,3.5
2026-02-06,Pitch Perfect 2,2015,https://boxd.it/7tNa,3.5
2026-02-06,Alien,1979,https://boxd.it/2awY,3.5
2026-02-07,Pitch Perfect 3,2017,https://boxd.it/bUre,3
2026-02-10,American Reunion,2012,https://boxd.it/2qH4,3.5
2026-02-10,The 'Burbs,1989,https://boxd.it/1SDi,3.5
2026-02-11,Unbreakable,2000,https://boxd.it/1XV2,3.5
2026-02-13,Split,2016,https://boxd.it/dgSy,4
2026-02-22,Liar Liar,1997,https://boxd.it/28sg,4
2026-02-23,Miracle,2004,https://boxd.it/1OmM,4
2026-02-28,21 & Over,2013,https://boxd.it/3DOk,4
2026-03-01,The Lincoln Lawyer,2011,https://boxd.it/DRM,0.5
2026-03-01,The Departed,2006,https://boxd.it/28MA,5
2026-03-02,Glass,2019,https://boxd.it/g3uO,3.5
2026-03-04,Blades of Glory,2007,https://boxd.it/1Xrm,4.5
2026-03-06,John Wick: Chapter 4,2023,https://boxd.it/mh48,4.5
2026-03-09,The Beach Bum,2019,https://boxd.it/fH4O,2.5
2026-03-13,The Shawshank Redemption,1994,https://boxd.it/2aHi,4.5
2026-03-17,Clerks,1994,https://boxd.it/2706,3
2026-03-18,Clerks II,2006,https://boxd.it/26ZC,3.5
2026-03-20,The Comebacks,2007,https://boxd.it/1VsW,4.5
2026-03-29,Hidden Figures,2016,https://boxd.it/dgS4,0.5
2026-03-29,Secretariat,2010,https://boxd.it/13yG,0.5
2026-03-29,War for the Planet of the Apes,2017,https://boxd.it/8FE2,0.5
2026-03-29,The Cobbler,2014,https://boxd.it/70XA,0.5
2026-03-29,Toy Story 4,2019,https://boxd.it/9ALu,0.5
2026-03-29,Captain America: Civil War,2016,https://boxd.it/89Ja,0.5
2026-03-29,Daddy's Home 2,2017,https://boxd.it/ePpI,0.5
2026-03-29,Wreck-It Ralph,2012,https://boxd.it/2TTS,0.5
2026-03-29,The Lego Movie,2014,https://boxd.it/4pDO,0.5
2026-03-29,Underdog,2007,https://boxd.it/21vi,0.5
2026-03-29,Astro Boy,2009,https://boxd.it/1JVW,0.5
2026-03-29,The Santa Clause,1994,https://boxd.it/1TWK,0.5
2026-03-29,The Happening,2008,https://boxd.it/200o,0.5
2026-03-30,The Menu,2022,https://boxd.it/lScm,4.5
2026-04-07,The Ten Commandments,1956,https://boxd.it/21mg,4
2026-04-13,Balls of Fury,2007,https://boxd.it/1XTK,4
2026-04-20,Facing the Giants,2006,https://boxd.it/1G2u,0.5
2026-04-20,Fireproof,2008,https://boxd.it/1O6k,0.5
2026-04-20,Courageous,2011,https://boxd.it/2oYW,0.5
2026-04-20,The Santa Clause 2,2002,https://boxd.it/1ZmI,0.5
2026-04-20,The Spy Next Door,2010,https://boxd.it/1zyo,0.5
2026-04-20,Mickey 17,2025,https://boxd.it/q1Dk,0.5
2026-04-20,Brother Bear 2,2006,https://boxd.it/1Xji,0.5
2026-04-20,Mission: Impossible III,2006,https://boxd.it/29cI,0.5
2026-04-20,Mission: Impossible II,2000,https://boxd.it/29cS,0.5
2026-04-20,Mission: Impossible – Ghost Protocol,2011,https://boxd.it/psI,0.5
2026-04-20,Stand by Me,1986,https://boxd.it/2aOe,0.5
2026-04-20,Drillbit Taylor,2008,https://boxd.it/207u,0.5
2026-05-03,Doctor Strange,2016,https://boxd.it/8MH8,0.5
2026-05-03,The Incredible Mr. Limpet,1964,https://boxd.it/1EjS,0.5
2026-05-03,Snow Dogs,2002,https://boxd.it/1SQQ,0.5
2026-05-03,Firehouse Dog,2007,https://boxd.it/1X4M,0.5
2026-05-03,Beverly Hills Chihuahua,2008,https://boxd.it/1Ob0,0.5
2026-05-03,Soul Surfer,2011,https://boxd.it/T9G,0.5
2026-05-03,The Pacifier,2005,https://boxd.it/1Xhm,0.5
2026-05-03,Entourage,2015,https://boxd.it/5Hki,0.5
2026-05-03,To Kill a Mockingbird,1962,https://boxd.it/2a2E,0.5
2026-05-03,The Santa Clause 3: The Escape Clause,2006,https://boxd.it/1Psw,0.5
2026-05-03,The Land Before Time,1988,https://boxd.it/1Sr2,0.5
2026-05-03,Indiana Jones and the Temple of Doom,1984,https://boxd.it/2bb8,0.5
2026-05-10,Stuck on You,2003,https://boxd.it/287W,3
2026-05-23,Jumanji,1995,https://boxd.it/1ZLI,4
2026-05-23,El Camino: A Breaking Bad Movie,2019,https://boxd.it/kv0q,4
2026-05-23,Daddy's Home,2015,https://boxd.it/8jSc,3.5
2026-05-23,Dan in Real Life,2007,https://boxd.it/218y,4
2026-05-24,Yogi Bear,2010,https://boxd.it/Zcc,3
2026-05-28,Fantastic Beasts and Where to Find Them,2016,https://boxd.it/7FPC,3.5
2026-06-05,The House,2017,https://boxd.it/bAHw,0.5
2026-06-11,Rush Hour,1998,https://boxd.it/27pU,4
2026-06-19,The Maze Runner,2014,https://boxd.it/5YPM,4
2026-06-19,Maze Runner: The Scorch Trials,2015,https://boxd.it/9hwA,3
2026-06-20,Rush Hour 2,2001,https://boxd.it/23ga,4
2026-06-20,Rush Hour 3,2007,https://boxd.it/23gk,3.5
2026-06-21,Delivery Man,2013,https://boxd.it/4E5M,3.5
2026-06-21,Demolition Man,1993,https://boxd.it/1XVm,4
2026-06-21,Maze Runner: The Death Cure,2018,https://boxd.it/bakw,3.5
2026-06-22,The Amazing Spider-Man,2012,https://boxd.it/27PI,4
2026-06-24,The Late Bloomer,2016,https://boxd.it/eA7k,3
2026-06-27,Battle: Los Angeles,2011,https://boxd.it/QIS,4
2026-06-27,Mad Max: Fury Road,2015,https://boxd.it/2DjO,4
2026-07-01,Donnie Brasco,1997,https://boxd.it/1YRA,4.5
2026-07-02,The Game,1997,https://boxd.it/26vC,4.5
2026-07-03,Layer Cake,2004,https://boxd.it/23LC,4
2026-07-03,Ocean's Eleven,2001,https://boxd.it/2aZm,4
2026-07-06,Taxi Driver,1976,https://boxd.it/2b8y,3.5
2026-07-09,Lord of War,2005,https://boxd.it/284y,4
2026-07-10,The Fugitive,1993,https://boxd.it/230G,4.5
2026-07-15,The Hangover Part II,2011,https://boxd.it/PZI,5
2026-07-20,Zack Snyder's Justice League,2021,https://boxd.it/tLOk,3.5
2026-07-21,Looper,2012,https://boxd.it/ham,4
2026-07-23,Tenet,2020,https://boxd.it/leq4,4.5
2026-07-26,Bolt,2008,https://boxd.it/1QXg,0.5
2026-07-26,Prep & Landing,2009,https://boxd.it/1t8k,0.5
2026-07-26,Prep & Landing: Naughty vs. Nice,2011,https://boxd.it/37EC,0.5
2026-07-26,Rudolph the Red-Nosed Reindeer,1964,https://boxd.it/1Qis,0.5
2026-07-26,Frosty the Snowman,1969,https://boxd.it/1PEC,0.5
2026-07-26,Captain America: The Winter Soldier,2014,https://boxd.it/3r58,0.5
2026-07-26,Guardians of the Galaxy,2014,https://boxd.it/3VH2,4
2026-07-26,Guardians of the Galaxy Vol. 2,2017,https://boxd.it/8MxC,4
2026-07-26,The Lion King,1994,https://boxd.it/201Q,0.5
2026-07-26,World War Z,2013,https://boxd.it/2p2E,4
2026-07-26,Novocaine,2025,https://boxd.it/JmdA,3.5
2026-07-26,Ready Player One,2018,https://boxd.it/aZes,4
2026-07-26,Project Almanac,2015,https://boxd.it/6IP4,3.5
2026-07-26,Gods of Egypt,2016,https://boxd.it/6aje,3
2026-07-26,From Paris with Love,2010,https://boxd.it/1tXs,3.5
2026-07-28,Quantum of Solace,2008,https://boxd.it/1Vs8,4
2026-08-08,Idiocracy,2006,https://boxd.it/20RW,0.5
2026-08-08,American Made,2017,https://boxd.it/bb66,0.5
2026-08-08,Dirty Grandpa,2016,https://boxd.it/99pG,0.5
2026-08-08,Pirates of the Caribbean: Dead Men Tell No Tales,2017,https://boxd.it/5a9m,0.5
2026-08-08,Ford v Ferrari,2019,https://boxd.it/ce74,0.5
2026-08-08,Pulp Fiction,1994,https://boxd.it/29Pq,0.5
2026-08-08,Thor: The Dark World,2013,https://boxd.it/2DqA,0.5
2026-08-08,Office Christmas Party,2016,https://boxd.it/dpj8,0.5
2026-08-08,Aquaman,2018,https://boxd.it/9ru0,0.5
2026-08-08,Tucker and Dale vs. Evil,2010,https://boxd.it/Mce,0.5
